{
  "parent": "minecraft:item/handheld_rod",
  "textures": {
    "layer0": "minecraft:item/carrot_on_a_stick"
  },
  "overrides": [
    { "predicate": { "custom_model_data": 1 }, "model": "unc:item/shop_item" },
    { "predicate": { "custom_model_data": 2 }, "model": "unc:item/meteorite" },
    { "predicate": { "custom_model_data": 3 }, "model": "minecraft:item/carrot_on_a_stick" },
    { "predicate": { "custom_model_data": 4 }, "model": "unc:item/armored" },
    { "predicate": { "custom_model_data": 5 }, "model": "unc:item/wall_that" },
    { "predicate": { "custom_model_data": 6 }, "model": "unc:item/thunder" },
    { "predicate": { "custom_model_data": 7 }, "model": "unc:item/frozen" },
    { "predicate": { "custom_model_data": 8 }, "model": "unc:item/dinnerbone" },
    { "predicate": { "custom_model_data": 9 }, "model": "unc:item/beee" },
    { "predicate": { "custom_model_data": 10 }, "model": "unc:item/beee_evil" },
    { "predicate": { "custom_model_data": 11 }, "model": "unc:item/armageddon" },
    { "predicate": { "custom_model_data": 12 }, "model": "unc:item/supermob" },
    { "predicate": { "custom_model_data": 13 }, "model": "unc:item/heal" },
    { "predicate": { "custom_model_data": 14 }, "model": "unc:item/confuse" },
    { "predicate": { "custom_model_data": 15 }, "model": "unc:item/focus" },
    { "predicate": { "custom_model_data": 16 }, "model": "unc:item/buff" },
    { "predicate": { "custom_model_data": 17 }, "model": "unc:item/ultimate_saver" },
    { "predicate": { "custom_model_data": 999 }, "model": "unc:item/logo_unc" }
  ]
}
