{
  "parent": "minecraft:item/template_skull",
  "overrides": [
    { "predicate": { "custom_model_data": 1 }, "model": "unc:mobskull/zombie" },
    { "predicate": { "custom_model_data": 2 }, "model": "unc:mobskull/skeleton" },
    { "predicate": { "custom_model_data": 3 }, "model": "unc:mobskull/spider" },
    { "predicate": { "custom_model_data": 4 }, "model": "unc:mobskull/cave_spider" },
    { "predicate": { "custom_model_data": 5 }, "model": "unc:mobskull/creeper" },
    { "predicate": { "custom_model_data": 6 }, "model": "unc:mobskull/enderman" },
    { "predicate": { "custom_model_data": 7 }, "model": "unc:mobskull/ghast" },
    { "predicate": { "custom_model_data": 8 }, "model": "unc:mobskull/pig_zombie" },
    { "predicate": { "custom_model_data": 9 }, "model": "unc:mobskull/slime" },
    { "predicate": { "custom_model_data": 10 }, "model": "unc:mobskull/witch" },
    { "predicate": { "custom_model_data": 11 }, "model": "unc:mobskull/wolf" },
    { "predicate": { "custom_model_data": 12 }, "model": "unc:mobskull/blaze" },
    { "predicate": { "custom_model_data": 13 }, "model": "unc:mobskull/cave_spider_jockey" },
    { "predicate": { "custom_model_data": 14 }, "model": "unc:mobskull/endermite" },
    { "predicate": { "custom_model_data": 15 }, "model": "unc:mobskull/magma_cube" }
  ]
}