{
	"credit": "Made with Blockbench",
	"texture_size": [32, 32],
	"textures": {
		"0": "unc:custom/table/table",
		"1": "unc:custom/table/tasse",
		"2": "unc:custom/table/unc",
		"3": "unc:custom/table/paper",
		"particle": "unc:custom/table/table"
	},
	"elements": [
		{
			"from": [-16, 0, -16],
			"to": [-13, 8, -13],
			"faces": {
				"north": {"uv": [0, 0, 1, 3], "texture": "#0"},
				"east": {"uv": [0, 0, 1, 3], "texture": "#0"},
				"south": {"uv": [0, 0, 1, 3], "texture": "#0"},
				"west": {"uv": [0, 0, 1, 3], "texture": "#0"},
				"up": {"uv": [0, 0, 1, 1], "texture": "#0"},
				"down": {"uv": [0, 0, 1, 1], "texture": "#0"}
			}
		},
		{
			"from": [-16, 0, 29],
			"to": [-13, 8, 32],
			"faces": {
				"north": {"uv": [0, 0, 1, 3], "texture": "#0"},
				"east": {"uv": [0, 0, 1, 3], "texture": "#0"},
				"south": {"uv": [0, 0, 1, 2.5], "texture": "#0"},
				"west": {"uv": [0, 0, 1, 3], "texture": "#0"},
				"up": {"uv": [0, 0, 1, 1], "texture": "#0"},
				"down": {"uv": [0, 0, 1, 1], "texture": "#0"}
			}
		},
		{
			"from": [29, 0, 29],
			"to": [32, 8, 32],
			"faces": {
				"north": {"uv": [0, 0, 1, 3], "texture": "#0"},
				"east": {"uv": [0, 0, 1, 3], "texture": "#0"},
				"south": {"uv": [0, 0, 1, 3], "texture": "#0"},
				"west": {"uv": [0, 0, 1, 3], "texture": "#0"},
				"up": {"uv": [0, 0, 1, 1], "texture": "#0"},
				"down": {"uv": [0, 0, 1, 1], "texture": "#0"}
			}
		},
		{
			"from": [29, 0, -16],
			"to": [32, 8, -13],
			"faces": {
				"north": {"uv": [0, 0, 1, 3], "texture": "#0"},
				"east": {"uv": [0, 0, 1, 3], "texture": "#0"},
				"south": {"uv": [0, 0, 1, 3], "texture": "#0"},
				"west": {"uv": [0, 0, 1, 3], "texture": "#0"},
				"up": {"uv": [0, 0, 1, 1], "texture": "#0"},
				"down": {"uv": [0, 0, 1, 1], "texture": "#0"}
			}
		},
		{
			"from": [-16, 8, -16],
			"to": [32, 12, 32],
			"faces": {
				"north": {"uv": [0, 0, 16, 1.5], "texture": "#0"},
				"east": {"uv": [0, 0, 16, 1.5], "texture": "#0"},
				"south": {"uv": [0, 0, 16, 1.5], "texture": "#0"},
				"west": {"uv": [0, 0, 16, 1.5], "texture": "#0"},
				"up": {"uv": [0, 0, 16, 16], "texture": "#0"},
				"down": {"uv": [0, 0, 16, 16], "texture": "#0"}
			}
		},
		{
			"from": [-1, 12, -11],
			"to": [3, 13, -7],
			"rotation": {"angle": 22.5, "axis": "y", "origin": [1, 14.78571, -9.92857]},
			"faces": {
				"north": {"uv": [0, 0, 2, 0.5], "texture": "#1"},
				"east": {"uv": [0, 0, 2, 0.5], "texture": "#1"},
				"south": {"uv": [0, 0, 2, 0.5], "texture": "#1"},
				"west": {"uv": [0, 0, 2, 0.5], "texture": "#1"},
				"up": {"uv": [0, 0, 2, 2], "texture": "#1"},
				"down": {"uv": [0, 0, 2, 2], "texture": "#1"}
			}
		},
		{
			"from": [2, 13, -11],
			"to": [3, 17, -8],
			"rotation": {"angle": 22.5, "axis": "y", "origin": [1, 14.78571, -9.92857]},
			"faces": {
				"north": {"uv": [0, 0, 0.5, 2], "texture": "#1"},
				"east": {"uv": [0, 0, 1.5, 2], "texture": "#1"},
				"south": {"uv": [0, 0, 0.5, 2], "texture": "#1"},
				"west": {"uv": [0, 0, 1.5, 2], "texture": "#1"},
				"up": {"uv": [0, 0, 0.5, 1.5], "texture": "#1"},
				"down": {"uv": [0, 0, 0.5, 1.5], "texture": "#1"}
			}
		},
		{
			"from": [-1, 13, -11],
			"to": [2, 17, -10],
			"rotation": {"angle": 22.5, "axis": "y", "origin": [1, 14.78571, -9.92857]},
			"faces": {
				"north": {"uv": [0, 0, 1.5, 2], "texture": "#1"},
				"east": {"uv": [0, 0, 0.5, 2], "texture": "#1"},
				"south": {"uv": [0, 0, 1.5, 2], "texture": "#1"},
				"west": {"uv": [0, 0, 0.5, 2], "texture": "#1"},
				"up": {"uv": [0, 0, 1.5, 0.5], "texture": "#1"},
				"down": {"uv": [0, 0, 1.5, 0.5], "texture": "#1"}
			}
		},
		{
			"from": [0, 13, -13],
			"to": [2, 16, -12],
			"rotation": {"angle": 22.5, "axis": "y", "origin": [1, 14.78571, -9.92857]},
			"faces": {
				"north": {"uv": [0, 0, 1, 1.5], "texture": "#1"},
				"east": {"uv": [0, 0, 0.5, 1.5], "texture": "#1"},
				"south": {"uv": [0, 0, 1, 1.5], "texture": "#1"},
				"west": {"uv": [0, 0, 0.5, 1.5], "texture": "#1"},
				"up": {"uv": [0, 0, 1, 0.5], "texture": "#1"},
				"down": {"uv": [0, 0, 1, 0.5], "texture": "#1"}
			}
		},
		{
			"from": [0, 16, -13],
			"to": [2, 17, -11],
			"rotation": {"angle": 22.5, "axis": "y", "origin": [1, 14.78571, -9.92857]},
			"faces": {
				"north": {"uv": [0, 0, 1, 0.5], "texture": "#1"},
				"east": {"uv": [0, 0, 1, 0.5], "texture": "#1"},
				"south": {"uv": [0, 0, 1, 0.5], "texture": "#1"},
				"west": {"uv": [0, 0, 1, 0.5], "texture": "#1"},
				"up": {"uv": [0, 0, 1, 1], "texture": "#1"},
				"down": {"uv": [0, 0, 1, 1], "texture": "#1"}
			}
		},
		{
			"from": [0, 13, -8],
			"to": [3, 17, -7],
			"rotation": {"angle": 22.5, "axis": "y", "origin": [1, 14.78571, -9.92857]},
			"faces": {
				"north": {"uv": [0, 0, 1.5, 2], "texture": "#1"},
				"east": {"uv": [0, 0, 0.5, 2], "texture": "#1"},
				"south": {"uv": [0, 0, 1.5, 2], "texture": "#1"},
				"west": {"uv": [0, 0, 0.5, 2], "texture": "#1"},
				"up": {"uv": [0, 0, 1.5, 0.5], "texture": "#1"},
				"down": {"uv": [0, 0, 1.5, 0.5], "texture": "#1"}
			}
		},
		{
			"from": [-1, 13, -10],
			"to": [0, 17, -7],
			"rotation": {"angle": 22.5, "axis": "y", "origin": [1, 14.78571, -9.92857]},
			"faces": {
				"north": {"uv": [0, 0, 0.5, 2], "texture": "#1"},
				"east": {"uv": [0, 0, 1.5, 2], "texture": "#1"},
				"south": {"uv": [0, 0, 0.5, 2], "texture": "#1"},
				"west": {"uv": [0, 0, 1.5, 2], "texture": "#1"},
				"up": {"uv": [0, 0, 0.5, 1.5], "texture": "#1"},
				"down": {"uv": [0, 0, 0.5, 1.5], "texture": "#1"}
			}
		},
		{
			"from": [11.84803, 12, 21.33109],
			"to": [15.84803, 13, 25.33109],
			"rotation": {"angle": 22.5, "axis": "y", "origin": [14.7766, 14.78571, 23.33109]},
			"faces": {
				"north": {"uv": [0, 0, 2, 0.5], "texture": "#1"},
				"east": {"uv": [0, 0, 2, 0.5], "texture": "#1"},
				"south": {"uv": [0, 0, 2, 0.5], "texture": "#1"},
				"west": {"uv": [0, 0, 2, 0.5], "texture": "#1"},
				"up": {"uv": [0, 0, 2, 2], "rotation": 90, "texture": "#1"},
				"down": {"uv": [0, 0, 2, 2], "rotation": 270, "texture": "#1"}
			}
		},
		{
			"from": [12.84803, 13, 24.33109],
			"to": [15.84803, 17, 25.33109],
			"rotation": {"angle": 22.5, "axis": "y", "origin": [14.7766, 14.78571, 23.33109]},
			"faces": {
				"north": {"uv": [0, 0, 1.5, 2], "texture": "#1"},
				"east": {"uv": [0, 0, 0.5, 2], "texture": "#1"},
				"south": {"uv": [0, 0, 1.5, 2], "texture": "#1"},
				"west": {"uv": [0, 0, 0.5, 2], "texture": "#1"},
				"up": {"uv": [0, 0, 0.5, 1.5], "rotation": 90, "texture": "#1"},
				"down": {"uv": [0, 0, 0.5, 1.5], "rotation": 270, "texture": "#1"}
			}
		},
		{
			"from": [14.84803, 13, 21.33109],
			"to": [15.84803, 17, 24.33109],
			"rotation": {"angle": 22.5, "axis": "y", "origin": [14.7766, 14.78571, 23.33109]},
			"faces": {
				"north": {"uv": [0, 0, 0.5, 2], "texture": "#1"},
				"east": {"uv": [0, 0, 1.5, 2], "texture": "#1"},
				"south": {"uv": [0, 0, 0.5, 2], "texture": "#1"},
				"west": {"uv": [0, 0, 1.5, 2], "texture": "#1"},
				"up": {"uv": [0, 0, 1.5, 0.5], "rotation": 90, "texture": "#1"},
				"down": {"uv": [0, 0, 1.5, 0.5], "rotation": 270, "texture": "#1"}
			}
		},
		{
			"from": [16.84803, 13, 22.33109],
			"to": [17.84803, 16, 24.33109],
			"rotation": {"angle": 22.5, "axis": "y", "origin": [14.7766, 14.78571, 23.33109]},
			"faces": {
				"north": {"uv": [0, 0, 0.5, 1.5], "texture": "#1"},
				"east": {"uv": [0, 0, 1, 1.5], "texture": "#1"},
				"south": {"uv": [0, 0, 0.5, 1.5], "texture": "#1"},
				"west": {"uv": [0, 0, 1, 1.5], "texture": "#1"},
				"up": {"uv": [0, 0, 1, 0.5], "rotation": 90, "texture": "#1"},
				"down": {"uv": [0, 0, 1, 0.5], "rotation": 270, "texture": "#1"}
			}
		},
		{
			"from": [15.84803, 16, 22.33109],
			"to": [17.84803, 17, 24.33109],
			"rotation": {"angle": 22.5, "axis": "y", "origin": [14.7766, 14.78571, 23.33109]},
			"faces": {
				"north": {"uv": [0, 0, 1, 0.5], "texture": "#1"},
				"east": {"uv": [0, 0, 1, 0.5], "texture": "#1"},
				"south": {"uv": [0, 0, 1, 0.5], "texture": "#1"},
				"west": {"uv": [0, 0, 1, 0.5], "texture": "#1"},
				"up": {"uv": [0, 0, 1, 1], "rotation": 90, "texture": "#1"},
				"down": {"uv": [0, 0, 1, 1], "rotation": 270, "texture": "#1"}
			}
		},
		{
			"from": [11.84803, 13, 22.33109],
			"to": [12.84803, 17, 25.33109],
			"rotation": {"angle": 22.5, "axis": "y", "origin": [14.7766, 14.78571, 23.33109]},
			"faces": {
				"north": {"uv": [0, 0, 0.5, 2], "texture": "#1"},
				"east": {"uv": [0, 0, 1.5, 2], "texture": "#1"},
				"south": {"uv": [0, 0, 0.5, 2], "texture": "#1"},
				"west": {"uv": [0, 0, 1.5, 2], "texture": "#1"},
				"up": {"uv": [0, 0, 1.5, 0.5], "rotation": 90, "texture": "#1"},
				"down": {"uv": [0, 0, 1.5, 0.5], "rotation": 270, "texture": "#1"}
			}
		},
		{
			"from": [11.84803, 13, 21.33109],
			"to": [14.84803, 17, 22.33109],
			"rotation": {"angle": 22.5, "axis": "y", "origin": [14.7766, 14.78571, 23.33109]},
			"faces": {
				"north": {"uv": [0, 0, 1.5, 2], "texture": "#1"},
				"east": {"uv": [0, 0, 0.5, 2], "texture": "#1"},
				"south": {"uv": [0, 0, 1.5, 2], "texture": "#1"},
				"west": {"uv": [0, 0, 0.5, 2], "texture": "#1"},
				"up": {"uv": [0, 0, 0.5, 1.5], "rotation": 90, "texture": "#1"},
				"down": {"uv": [0, 0, 0.5, 1.5], "rotation": 270, "texture": "#1"}
			}
		},
		{
			"from": [-9.34962, 12, 10.16768],
			"to": [3.65038, 13, 11.16768],
			"rotation": {"angle": 22.5, "axis": "y", "origin": [-4.39819, 13.5, 17.15244]},
			"faces": {
				"north": {"uv": [0, 0, 1.5, 2], "texture": "#2"},
				"east": {"uv": [0, 0, 0.5, 2], "texture": "#2"},
				"south": {"uv": [0, 0, 1.5, 2], "texture": "#2"},
				"west": {"uv": [0, 0, 0.5, 2], "texture": "#2"},
				"up": {"uv": [0, 0, 0.5, 1.5], "rotation": 270, "texture": "#2"},
				"down": {"uv": [0, 0, 0.5, 1.5], "rotation": 90, "texture": "#2"}
			}
		},
		{
			"from": [-6.34962, 12, 13.16768],
			"to": [2.65038, 13, 14.16768],
			"rotation": {"angle": 22.5, "axis": "y", "origin": [-4.39819, 13.5, 17.15244]},
			"faces": {
				"north": {"uv": [0, 0, 1.5, 2], "texture": "#2"},
				"east": {"uv": [0, 0, 0.5, 2], "texture": "#2"},
				"south": {"uv": [0, 0, 1.5, 2], "texture": "#2"},
				"west": {"uv": [0, 0, 0.5, 2], "texture": "#2"},
				"up": {"uv": [0, 0, 0.5, 1.5], "rotation": 270, "texture": "#2"},
				"down": {"uv": [0, 0, 0.5, 1.5], "rotation": 90, "texture": "#2"}
			}
		},
		{
			"from": [-5.34962, 12, 15.16768],
			"to": [-4.34962, 13, 16.16768],
			"rotation": {"angle": 22.5, "axis": "y", "origin": [-4.39819, 13.5, 17.15244]},
			"faces": {
				"north": {"uv": [0, 0, 1.5, 2], "texture": "#2"},
				"east": {"uv": [0, 0, 0.5, 2], "texture": "#2"},
				"south": {"uv": [0, 0, 1.5, 2], "texture": "#2"},
				"west": {"uv": [0, 0, 0.5, 2], "texture": "#2"},
				"up": {"uv": [0, 0, 0.5, 1.5], "rotation": 270, "texture": "#2"},
				"down": {"uv": [0, 0, 0.5, 1.5], "rotation": 90, "texture": "#2"}
			}
		},
		{
			"from": [-9.34962, 12, 18.16768],
			"to": [-4.34962, 13, 19.16768],
			"rotation": {"angle": 22.5, "axis": "y", "origin": [-4.39819, 13.5, 17.15244]},
			"faces": {
				"north": {"uv": [0, 0, 1.5, 2], "texture": "#2"},
				"east": {"uv": [0, 0, 0.5, 2], "texture": "#2"},
				"south": {"uv": [0, 0, 1.5, 2], "texture": "#2"},
				"west": {"uv": [0, 0, 0.5, 2], "texture": "#2"},
				"up": {"uv": [0, 0, 0.5, 1.5], "rotation": 270, "texture": "#2"},
				"down": {"uv": [0, 0, 0.5, 1.5], "rotation": 90, "texture": "#2"}
			}
		},
		{
			"from": [2.65038, 12, 11.16768],
			"to": [3.65038, 13, 14.16768],
			"rotation": {"angle": 22.5, "axis": "y", "origin": [-4.39819, 13.5, 17.15244]},
			"faces": {
				"north": {"uv": [0, 0, 1.5, 2], "texture": "#2"},
				"east": {"uv": [0, 0, 0.5, 2], "texture": "#2"},
				"south": {"uv": [0, 0, 1.5, 2], "texture": "#2"},
				"west": {"uv": [0, 0, 0.5, 2], "texture": "#2"},
				"up": {"uv": [0, 0, 0.5, 1.5], "rotation": 270, "texture": "#2"},
				"down": {"uv": [0, 0, 0.5, 1.5], "rotation": 90, "texture": "#2"}
			}
		},
		{
			"from": [-6.34962, 12, 14.16768],
			"to": [-5.34962, 13, 16.16768],
			"rotation": {"angle": 22.5, "axis": "y", "origin": [-4.39819, 13.5, 17.15244]},
			"faces": {
				"north": {"uv": [0, 0, 1.5, 2], "texture": "#2"},
				"east": {"uv": [0, 0, 0.5, 2], "texture": "#2"},
				"south": {"uv": [0, 0, 1.5, 2], "texture": "#2"},
				"west": {"uv": [0, 0, 0.5, 2], "texture": "#2"},
				"up": {"uv": [0, 0, 0.5, 1.5], "rotation": 270, "texture": "#2"},
				"down": {"uv": [0, 0, 0.5, 1.5], "rotation": 90, "texture": "#2"}
			}
		},
		{
			"from": [-9.34962, 12, 11.16768],
			"to": [-8.34962, 13, 18.16768],
			"rotation": {"angle": 22.5, "axis": "y", "origin": [-4.39819, 13.5, 17.15244]},
			"faces": {
				"north": {"uv": [0, 0, 1.5, 2], "texture": "#2"},
				"east": {"uv": [0, 0, 0.5, 2], "texture": "#2"},
				"south": {"uv": [0, 0, 1.5, 2], "texture": "#2"},
				"west": {"uv": [0, 0, 0.5, 2], "texture": "#2"},
				"up": {"uv": [0, 0, 0.5, 1.5], "rotation": 270, "texture": "#2"},
				"down": {"uv": [0, 0, 0.5, 1.5], "rotation": 90, "texture": "#2"}
			}
		},
		{
			"from": [-11.37819, 12, 8.13911],
			"to": [-10.37819, 13, 26.13911],
			"rotation": {"angle": 22.5, "axis": "y", "origin": [-4.39819, 13.5, 17.15244]},
			"faces": {
				"north": {"uv": [0, 0, 0.5, 2], "texture": "#2"},
				"east": {"uv": [0, 0, 1.5, 2], "texture": "#2"},
				"south": {"uv": [0, 0, 0.5, 2], "texture": "#2"},
				"west": {"uv": [0, 0, 1.5, 2], "texture": "#2"},
				"up": {"uv": [0, 0, 1.5, 0.5], "rotation": 90, "texture": "#2"},
				"down": {"uv": [0, 0, 1.5, 0.5], "rotation": 270, "texture": "#2"}
			}
		},
		{
			"from": [-9.37819, 12, 23.13911],
			"to": [3.62181, 13, 24.13911],
			"rotation": {"angle": 22.5, "axis": "y", "origin": [-4.39819, 13.5, 17.15244]},
			"faces": {
				"north": {"uv": [0, 0, 1.5, 2], "texture": "#2"},
				"east": {"uv": [0, 0, 0.5, 2], "texture": "#2"},
				"south": {"uv": [0, 0, 1.5, 2], "texture": "#2"},
				"west": {"uv": [0, 0, 0.5, 2], "texture": "#2"},
				"up": {"uv": [0, 0, 0.5, 1.5], "rotation": 90, "texture": "#2"},
				"down": {"uv": [0, 0, 0.5, 1.5], "rotation": 270, "texture": "#2"}
			}
		},
		{
			"from": [-8.37819, 12, 20.13911],
			"to": [0.62181, 13, 21.13911],
			"rotation": {"angle": 22.5, "axis": "y", "origin": [-4.39819, 13.5, 17.15244]},
			"faces": {
				"north": {"uv": [0, 0, 1.5, 2], "texture": "#2"},
				"east": {"uv": [0, 0, 0.5, 2], "texture": "#2"},
				"south": {"uv": [0, 0, 1.5, 2], "texture": "#2"},
				"west": {"uv": [0, 0, 0.5, 2], "texture": "#2"},
				"up": {"uv": [0, 0, 0.5, 1.5], "rotation": 90, "texture": "#2"},
				"down": {"uv": [0, 0, 0.5, 1.5], "rotation": 270, "texture": "#2"}
			}
		},
		{
			"from": [-1.37819, 12, 18.13911],
			"to": [-0.37819, 13, 19.13911],
			"rotation": {"angle": 22.5, "axis": "y", "origin": [-4.39819, 13.5, 17.15244]},
			"faces": {
				"north": {"uv": [0, 0, 1.5, 2], "texture": "#2"},
				"east": {"uv": [0, 0, 0.5, 2], "texture": "#2"},
				"south": {"uv": [0, 0, 1.5, 2], "texture": "#2"},
				"west": {"uv": [0, 0, 0.5, 2], "texture": "#2"},
				"up": {"uv": [0, 0, 0.5, 1.5], "rotation": 90, "texture": "#2"},
				"down": {"uv": [0, 0, 0.5, 1.5], "rotation": 270, "texture": "#2"}
			}
		},
		{
			"from": [-1.37819, 12, 15.13911],
			"to": [3.62181, 13, 16.13911],
			"rotation": {"angle": 22.5, "axis": "y", "origin": [-4.39819, 13.5, 17.15244]},
			"faces": {
				"north": {"uv": [0, 0, 1.5, 2], "texture": "#2"},
				"east": {"uv": [0, 0, 0.5, 2], "texture": "#2"},
				"south": {"uv": [0, 0, 1.5, 2], "texture": "#2"},
				"west": {"uv": [0, 0, 0.5, 2], "texture": "#2"},
				"up": {"uv": [0, 0, 0.5, 1.5], "rotation": 90, "texture": "#2"},
				"down": {"uv": [0, 0, 0.5, 1.5], "rotation": 270, "texture": "#2"}
			}
		},
		{
			"from": [-9.37819, 12, 20.13911],
			"to": [-8.37819, 13, 23.13911],
			"rotation": {"angle": 22.5, "axis": "y", "origin": [-4.39819, 13.5, 17.15244]},
			"faces": {
				"north": {"uv": [0, 0, 1.5, 2], "texture": "#2"},
				"east": {"uv": [0, 0, 0.5, 2], "texture": "#2"},
				"south": {"uv": [0, 0, 1.5, 2], "texture": "#2"},
				"west": {"uv": [0, 0, 0.5, 2], "texture": "#2"},
				"up": {"uv": [0, 0, 0.5, 1.5], "rotation": 90, "texture": "#2"},
				"down": {"uv": [0, 0, 0.5, 1.5], "rotation": 270, "texture": "#2"}
			}
		},
		{
			"from": [-0.37819, 12, 18.13911],
			"to": [0.62181, 13, 20.13911],
			"rotation": {"angle": 22.5, "axis": "y", "origin": [-4.39819, 13.5, 17.15244]},
			"faces": {
				"north": {"uv": [0, 0, 1.5, 2], "texture": "#2"},
				"east": {"uv": [0, 0, 0.5, 2], "texture": "#2"},
				"south": {"uv": [0, 0, 1.5, 2], "texture": "#2"},
				"west": {"uv": [0, 0, 0.5, 2], "texture": "#2"},
				"up": {"uv": [0, 0, 0.5, 1.5], "rotation": 90, "texture": "#2"},
				"down": {"uv": [0, 0, 0.5, 1.5], "rotation": 270, "texture": "#2"}
			}
		},
		{
			"from": [2.62181, 12, 16.13911],
			"to": [3.62181, 13, 23.13911],
			"rotation": {"angle": 22.5, "axis": "y", "origin": [-4.39819, 13.5, 17.15244]},
			"faces": {
				"north": {"uv": [0, 0, 1.5, 2], "texture": "#2"},
				"east": {"uv": [0, 0, 0.5, 2], "texture": "#2"},
				"south": {"uv": [0, 0, 1.5, 2], "texture": "#2"},
				"west": {"uv": [0, 0, 0.5, 2], "texture": "#2"},
				"up": {"uv": [0, 0, 0.5, 1.5], "rotation": 90, "texture": "#2"},
				"down": {"uv": [0, 0, 0.5, 1.5], "rotation": 270, "texture": "#2"}
			}
		},
		{
			"name": "doc",
			"from": [13, 12, -3],
			"to": [26, 12.1, 4],
			"rotation": {"angle": 22.5, "axis": "y", "origin": [20.96508, 12.15, -0.52258]},
			"faces": {
				"north": {"uv": [0, 0, 6.5, 0.05], "texture": "#3"},
				"east": {"uv": [0, 0, 3.5, 0.05], "texture": "#3"},
				"south": {"uv": [0, 0, 6.5, 0.05], "texture": "#3"},
				"west": {"uv": [0, 0, 3.5, 0.05], "texture": "#3"},
				"up": {"uv": [0, 0, 6.5, 3.5], "texture": "#3"},
				"down": {"uv": [0, 0, 6.5, 3.5], "texture": "#3"}
			}
		},
		{
			"name": "doc",
			"from": [15.33751, 12.1, -0.71462],
			"to": [28.33751, 12.2, 6.28538],
			"rotation": {"angle": 45, "axis": "y", "origin": [20.96508, 12.15, -0.52258]},
			"faces": {
				"north": {"uv": [0, 0, 6.5, 0.05], "texture": "#3"},
				"east": {"uv": [0, 0, 3.5, 0.05], "texture": "#3"},
				"south": {"uv": [0, 0, 6.5, 0.05], "texture": "#3"},
				"west": {"uv": [0, 0, 3.5, 0.05], "texture": "#3"},
				"up": {"uv": [0, 0, 6.5, 3.5], "texture": "#3"},
				"down": {"uv": [0, 0, 6.5, 3.5], "texture": "#3"}
			}
		},
		{
			"name": "doc",
			"from": [13.85822, 12.2, -7.76745],
			"to": [26.85822, 12.3, -0.76745],
			"rotation": {"angle": 22.5, "axis": "y", "origin": [20.96508, 12.15, -0.52258]},
			"faces": {
				"north": {"uv": [0, 0, 6.5, 0.05], "texture": "#3"},
				"east": {"uv": [0, 0, 3.5, 0.05], "texture": "#3"},
				"south": {"uv": [0, 0, 6.5, 0.05], "texture": "#3"},
				"west": {"uv": [0, 0, 3.5, 0.05], "texture": "#3"},
				"up": {"uv": [0, 0, 6.5, 3.5], "texture": "#3"},
				"down": {"uv": [0, 0, 6.5, 3.5], "texture": "#3"}
			}
		}
	],
	"display": {
		"thirdperson_righthand": {
			"rotation": [90, 0, 0],
			"translation": [-6, -2, 0.5],
			"scale": [1.5, 1.5, 1.5]
		},
		"head": {
			"translation": [0, -28.75, 0],
			"scale": [1.8, 1.8, 1.8]
		}
	},
	"groups": [
		{
			"name": "foot",
			"origin": [8, 8, 8],
			"children": [0, 1, 2, 3]
		},
		{
			"name": "table",
			"origin": [8, 8, 8],
			"children": [4]
		},
		{
			"name": "tasse",
			"origin": [0, 0, 0],
			"children": [5, 6, 7, 8, 9, 10, 11]
		},
		{
			"name": "tasse",
			"origin": [0, 0, 0],
			"children": [12, 13, 14, 15, 16, 17, 18]
		},
		{
			"name": "UNC",
			"origin": [-3.44962, 14.78571, 21.13911],
			"children": [
				{
					"name": "U",
					"origin": [0, 0, 0],
					"children": [19, 20, 21, 22, 23, 24, 25]
				},
				{
					"name": "barre",
					"origin": [0, 0, 0],
					"children": [26]
				},
				{
					"name": "N",
					"origin": [0, 0, 0],
					"children": [27, 28, 29, 30, 31, 32, 33]
				}
			]
		},
		{
			"name": "Documents",
			"origin": [8, 8, 8],
			"children": [
				{
					"name": "doc",
					"origin": [8, 8, 8],
					"children": [34]
				},
				{
					"name": "doc",
					"origin": [8, 8, 8],
					"children": [35,
						{
							"name": "doc",
							"origin": [8, 8, 8],
							"children": [36]
						}
					]
				}
			]
		}
	]
}