{
	"credit": "Made with Blockbench",
	"texture_size": [64, 32],
	"textures": {
		"1": "entity/spider/cave_spider",
		"particle": "block/soul_sand"
	},
	"elements": [
		{
			"from": [4, 0, 4],
			"to": [12, 8, 12],
			"faces": {
				"north": {"uv": [14, 6, 16, 10], "texture": "#1"},
				"east": {"uv": [12, 6, 14, 10], "texture": "#1"},
				"south": {"uv": [10, 6, 12, 10], "texture": "#1"},
				"west": {"uv": [8, 6, 10, 10], "texture": "#1"},
				"up": {"uv": [10, 2, 12, 6], "texture": "#1"},
				"down": {"uv": [12, 2, 14, 6], "texture": "#1"}
			}
		}
	],
	"display": {
		"thirdperson_righthand": {
			"rotation": [45, 45, 0],
			"translation": [0, 3, 0],
			"scale": [0.5, 0.5, 0.5]
		},
		"ground": {
			"translation": [0, 3, 0],
			"scale": [0.5, 0.5, 0.5]
		},
		"gui": {
			"rotation": [30, 45, 0],
			"translation": [0, 3, 0]
		},
		"fixed": {
			"rotation": [0, 180, 0],
			"translation": [0, 4, 0]
		}
	}
}