{
	"credit": "Made with Blockbench",
	"texture_size": [64, 32],
	"textures": {
		"1": "entity/skeleton/skeleton",
		"2": "entity/spider/cave_spider",
		"particle": "block/soul_sand"
	},
	"elements": [
		{
			"from": [4, 0, 4],
			"to": [8, 8, 12],
			"faces": {
				"north": {"uv": [7, 4, 8, 8], "texture": "#1"},
				"south": {"uv": [2, 4, 3, 8], "texture": "#1"},
				"west": {"uv": [0, 4, 2, 8], "texture": "#1"},
				"up": {"uv": [2, 0, 3, 4], "texture": "#1"},
				"down": {"uv": [4, 0, 5, 4], "texture": "#1"}
			}
		},
		{
			"from": [8, 0, 4],
			"to": [12, 8, 12],
			"faces": {
				"north": {"uv": [14, 6, 15, 10], "texture": "#2"},
				"east": {"uv": [12, 6, 14, 10], "texture": "#2"},
				"south": {"uv": [11, 6, 12, 10], "texture": "#2"},
				"up": {"uv": [11, 2, 12, 6], "texture": "#2"},
				"down": {"uv": [13, 2, 14, 6], "texture": "#2"}
			}
		}
	],
	"display": {
		"thirdperson_righthand": {
			"rotation": [45, 45, 0],
			"translation": [0, 3, 0],
			"scale": [0.5, 0.5, 0.5]
		},
		"ground": {
			"translation": [0, 3, 0],
			"scale": [0.5, 0.5, 0.5]
		},
		"gui": {
			"rotation": [30, 45, 0],
			"translation": [0, 3, 0]
		},
		"fixed": {
			"rotation": [0, 180, 0],
			"translation": [0, 4, 0]
		}
	}
}