{
	"credit": "Made with Blockbench",
	"texture_size": [64, 32],
	"textures": {
		"1": "entity/endermite",
		"particle": "block/soul_sand"
	},
	"elements": [
		{
			"from": [6, 0, 5],
			"to": [11, 4, 11],
			"faces": {
				"north": {"uv": [0, 5, 1.25, 7], "texture": "#1"},
				"east": {"uv": [4, 5, 5.5, 7], "texture": "#1"},
				"south": {"uv": [2.75, 5, 4, 7], "texture": "#1"},
				"west": {"uv": [1.25, 5, 2.75, 7], "texture": "#1"},
				"up": {"uv": [1.25, 2.5, 2.75, 5], "rotation": 90, "texture": "#1"},
				"down": {"uv": [2.75, 2.5, 4.25, 5], "rotation": 90, "texture": "#1"}
			}
		},
		{
			"from": [4, 0, 6],
			"to": [6, 3, 10],
			"faces": {
				"north": {"uv": [0, 1, 0.5, 2.5], "texture": "#1"},
				"south": {"uv": [1.5, 1, 2, 2.5], "texture": "#1"},
				"west": {"uv": [0.5, 1, 1.5, 2.5], "texture": "#1"},
				"up": {"uv": [0.5, 0, 1.5, 1], "rotation": 90, "texture": "#1"},
				"down": {"uv": [1.5, 0, 2.5, 1], "rotation": 90, "texture": "#1"}
			}
		}
	],
	"display": {
		"thirdperson_righthand": {
			"rotation": [45, 45, 0],
			"translation": [0, 3, 0],
			"scale": [0.5, 0.5, 0.5]
		},
		"ground": {
			"translation": [0, 3, 0],
			"scale": [0.5, 0.5, 0.5]
		},
		"gui": {
			"rotation": [30, 45, 0],
			"translation": [0, 3, 0]
		},
		"fixed": {
			"rotation": [0, 180, 0],
			"translation": [0, 4, 0]
		}
	}
}