{
	"credit": "Made with Blockbench",
	"texture_size": [64, 32],
	"textures": {
		"1": "entity/ghast/ghast",
		"particle": "block/soul_sand"
	},
	"elements": [
		{
			"from": [4, 0, 4],
			"to": [12, 8, 12],
			"faces": {
				"north": {"uv": [12.25, 8.5, 15.75, 15.5], "texture": "#1"},
				"east": {"uv": [8.25, 8.5, 11.75, 15.5], "texture": "#1"},
				"south": {"uv": [4.25, 8.5, 7.75, 15.5], "texture": "#1"},
				"west": {"uv": [0.25, 8.5, 4, 15.5], "texture": "#1"},
				"up": {"uv": [4.25, 0.5, 7.75, 7.5], "texture": "#1"},
				"down": {"uv": [8.25, 0.5, 11.75, 7.5], "texture": "#1"}
			}
		}
	],
	"display": {
		"thirdperson_righthand": {
			"rotation": [45, 45, 0],
			"translation": [0, 3, 0],
			"scale": [0.5, 0.5, 0.5]
		},
		"ground": {
			"translation": [0, 3, 0],
			"scale": [0.5, 0.5, 0.5]
		},
		"gui": {
			"rotation": [30, 45, 0],
			"translation": [0, 3, 0]
		},
		"fixed": {
			"rotation": [0, 180, 0],
			"translation": [0, 4, 0]
		}
	}
}