{
	"credit": "Made with Blockbench",
	"texture_size": [64, 32],
	"textures": {
		"1": "entity/slime/slime",
		"particle": "block/soul_sand"
	},
	"elements": [
		{
			"from": [4, 0, 4],
			"to": [12, 8, 12],
			"faces": {
				"north": {"uv": [6, 4, 8, 8], "texture": "#1"},
				"east": {"uv": [4, 4, 6, 8], "texture": "#1"},
				"south": {"uv": [2, 4, 4, 8], "texture": "#1"},
				"west": {"uv": [0, 4, 2, 8], "texture": "#1"},
				"up": {"uv": [2, 0, 4, 4], "texture": "#1"},
				"down": {"uv": [4, 0, 6, 4], "texture": "#1"}
			}
		},
		{
			"from": [5, 1, 5],
			"to": [11, 7, 11],
			"faces": {
				"north": {"uv": [4.5, 11, 6, 14], "texture": "#1"},
				"east": {"uv": [3, 11, 4.5, 14], "texture": "#1"},
				"south": {"uv": [1.5, 11, 3, 14], "texture": "#1"},
				"west": {"uv": [0, 11, 1.5, 14], "texture": "#1"},
				"up": {"uv": [1.5, 8, 3, 11], "texture": "#1"},
				"down": {"uv": [3, 8, 4.5, 11], "texture": "#1"}
			}
		}
	],
	"display": {
		"thirdperson_righthand": {
			"rotation": [45, 45, 0],
			"translation": [0, 3, 0],
			"scale": [0.5, 0.5, 0.5]
		},
		"ground": {
			"translation": [0, 3, 0],
			"scale": [0.5, 0.5, 0.5]
		},
		"gui": {
			"rotation": [30, 45, 0],
			"translation": [0, 3, 0]
		},
		"fixed": {
			"rotation": [0, 180, 0],
			"translation": [0, 4, 0]
		}
	}
}