{
	"credit": "Made with Blockbench",
	"texture_size": [64, 128],
	"textures": {
		"1": "entity/witch",
		"particle": "block/soul_sand"
	},
	"elements": [
		{
			"from": [4, 0, 4],
			"to": [12, 8, 12],
			"faces": {
				"north": {"uv": [6, 1.25, 8, 2.25], "texture": "#1"},
				"east": {"uv": [4, 1.25, 6, 2.25], "texture": "#1"},
				"south": {"uv": [2, 1.25, 4, 2.25], "texture": "#1"},
				"west": {"uv": [0, 1.25, 2, 2.25], "texture": "#1"},
				"up": {"uv": [2, 0, 4, 1], "texture": "#1"},
				"down": {"uv": [4, 0, 6, 1], "texture": "#1"}
			}
		},
		{
			"from": [7, -1, 12],
			"to": [9, 3, 13],
			"faces": {
				"north": {"uv": [7.5, 0.25, 8, 0.75], "texture": "#1"},
				"east": {"uv": [7.25, 0.25, 7.5, 0.75], "texture": "#1"},
				"south": {"uv": [6.5, 0.25, 7, 0.75], "texture": "#1"},
				"west": {"uv": [6.25, 0.25, 6.5, 0.75], "texture": "#1"},
				"up": {"uv": [6.5, 0, 7, 0.125], "texture": "#1"},
				"down": {"uv": [7, 0, 7.5, 0.125], "texture": "#1"}
			}
		},
		{
			"from": [3, 8, 3],
			"to": [13, 10, 13],
			"faces": {
				"north": {"uv": [7.5, 9.25, 10, 9.5], "texture": "#1"},
				"east": {"uv": [5, 9.25, 7.5, 9.5], "texture": "#1"},
				"south": {"uv": [2.5, 9.25, 5, 9.5], "texture": "#1"},
				"west": {"uv": [0, 9.25, 2.5, 9.5], "texture": "#1"},
				"up": {"uv": [2.5, 8, 5, 9.25], "texture": "#1"},
				"down": {"uv": [5, 8, 7.5, 9.25], "texture": "#1"}
			}
		},
		{
			"from": [4.5, 10, 4.5],
			"to": [11.5, 14, 11.5],
			"rotation": {"angle": 0, "axis": "x", "origin": [8.5, 12, 7.5]},
			"faces": {
				"north": {"uv": [5.25, 10.375, 7, 10.875], "texture": "#1"},
				"east": {"uv": [3.5, 10.375, 5.25, 10.875], "texture": "#1"},
				"south": {"uv": [1.75, 10.375, 3.5, 10.875], "texture": "#1"},
				"west": {"uv": [0, 10.375, 1.75, 10.875], "texture": "#1"},
				"up": {"uv": [1.75, 9.5, 3.5, 10.375], "texture": "#1"},
				"down": {"uv": [3.5, 9.5, 5.25, 10.375], "texture": "#1"}
			}
		},
		{
			"from": [6, 13, 6.25],
			"to": [10, 17, 10.25],
			"rotation": {"angle": -22.5, "axis": "x", "origin": [8.5, 12, 7.5]},
			"faces": {
				"north": {"uv": [3, 11.375, 4, 11.875], "texture": "#1"},
				"east": {"uv": [2, 11.375, 3, 11.875], "texture": "#1"},
				"south": {"uv": [1, 11.375, 2, 11.875], "texture": "#1"},
				"west": {"uv": [0, 11.375, 1, 11.875], "texture": "#1"},
				"up": {"uv": [1, 10.875, 2, 11.375], "texture": "#1"},
				"down": {"uv": [2, 10.875, 3, 11.375], "texture": "#1"}
			}
		},
		{
			"from": [8.25, 16.5, 7.25],
			"to": [9.25, 18.5, 8.25],
			"rotation": {"angle": -22.5, "axis": "x", "origin": [8.5, 12, 7.5]},
			"faces": {
				"north": {"uv": [0.75, 12, 1, 12.25], "texture": "#1"},
				"east": {"uv": [0.5, 12, 0.75, 12.25], "texture": "#1"},
				"south": {"uv": [0.25, 12, 0.5, 12.25], "texture": "#1"},
				"west": {"uv": [0, 12, 0.25, 12.25], "texture": "#1"},
				"up": {"uv": [0.25, 11.875, 0.5, 12], "texture": "#1"},
				"down": {"uv": [0.5, 11.875, 0.75, 12], "texture": "#1"}
			}
		}
	],
	"display": {
		"thirdperson_righthand": {
			"rotation": [45, 45, 0],
			"translation": [0, 3, 0],
			"scale": [0.5, 0.5, 0.5]
		},
		"ground": {
			"translation": [0, 3, 0],
			"scale": [0.5, 0.5, 0.5]
		},
		"gui": {
			"rotation": [30, 45, 0],
			"translation": [0, 3, 0]
		},
		"fixed": {
			"rotation": [0, 180, 0],
			"translation": [0, 4, 0]
		}
	}
}