{
	"credit": "Made with Blockbench",
	"texture_size": [64, 32],
	"textures": {
		"1": "entity/wolf/wolf",
		"2": "entity/wolf/wolf_collar",
		"particle": "block/soul_sand"
	},
	"elements": [
		{
			"from": [5, 6, 9],
			"to": [7, 8, 10],
			"faces": {
				"north": {"uv": [5, 7.5, 5.5, 8.5], "texture": "#1"},
				"east": {"uv": [4.75, 7.5, 5, 8.5], "texture": "#1"},
				"south": {"uv": [4.25, 7.5, 4.75, 8.5], "texture": "#1"},
				"west": {"uv": [4, 7.5, 4.25, 8.5], "texture": "#1"},
				"up": {"uv": [4.25, 7, 4.75, 7.5], "texture": "#1"},
				"down": {"uv": [4.75, 7, 5.25, 7.5], "texture": "#1"}
			}
		},
		{
			"from": [9, 6, 9],
			"to": [11, 8, 10],
			"faces": {
				"north": {"uv": [5, 7.5, 5.5, 8.5], "texture": "#1"},
				"east": {"uv": [4.75, 7.5, 5, 8.5], "texture": "#1"},
				"south": {"uv": [4.25, 7.5, 4.75, 8.5], "texture": "#1"},
				"west": {"uv": [4, 7.5, 4.25, 8.5], "texture": "#1"},
				"up": {"uv": [4.25, 7, 4.75, 7.5], "texture": "#1"},
				"down": {"uv": [4.75, 7, 5.25, 7.5], "texture": "#1"}
			}
		},
		{
			"from": [6.5, 0, 10.4],
			"to": [9.5, 3, 14.4],
			"faces": {
				"east": {"uv": [1.75, 7, 2.75, 8.5], "texture": "#1"},
				"south": {"uv": [1, 7, 1.75, 8.5], "texture": "#1"},
				"west": {"uv": [0, 7, 1, 8.5], "texture": "#1"},
				"up": {"uv": [1, 5, 1.75, 7], "texture": "#1"},
				"down": {"uv": [1.75, 5, 2.5, 7], "texture": "#1"}
			}
		},
		{
			"from": [5, 0, 8],
			"to": [11, 6, 12],
			"faces": {
				"north": {"uv": [3.5, 2, 5, 5], "texture": "#1"},
				"east": {"uv": [2.5, 2, 3.5, 5], "texture": "#1"},
				"south": {"uv": [1, 2, 2.5, 5], "texture": "#1"},
				"west": {"uv": [0, 2, 1, 5], "texture": "#1"},
				"up": {"uv": [1, 0, 2.5, 2], "texture": "#1"},
				"down": {"uv": [2.5, 0, 4, 2], "texture": "#1"}
			}
		},
		{
			"from": [4, -0.5, 4],
			"to": [12, 6.5, 9],
			"faces": {
				"north": {"uv": [9, 0, 11, 3.5], "texture": "#1"},
				"east": {"uv": [5.25, 4, 7, 6.5], "rotation": 270, "texture": "#1"},
				"south": {"uv": [7, 0, 9, 3.5], "texture": "#2"},
				"west": {"uv": [9, 4, 10.75, 6.5], "rotation": 90, "texture": "#1"},
				"up": {"uv": [10.75, 4, 12.75, 6.5], "rotation": 180, "texture": "#1"},
				"down": {"uv": [7, 4, 9, 6.5], "rotation": 180, "texture": "#1"}
			}
		}
	],
	"display": {
		"thirdperson_righthand": {
			"rotation": [45, 45, 0],
			"translation": [0, 3, 0],
			"scale": [0.5, 0.5, 0.5]
		},
		"ground": {
			"translation": [0, 3, 0],
			"scale": [0.5, 0.5, 0.5]
		},
		"gui": {
			"rotation": [30, 45, 0],
			"translation": [0, 3, 0]
		},
		"fixed": {
			"rotation": [0, 180, 0],
			"translation": [0, 4, 0]
		}
	}
}