{
  "providers": [
    {
      "ascent": 19,
      "chars": ["섥"],
      "file": "unc:gui/grid_exemple.png",
      "height": 256,
      "type": "bitmap"
    },
    {
      "ascent": 19,
      "chars": ["ꈁ"],
      "file": "unc:gui/grid_big_exemple.png",
      "height": 256,
      "type": "bitmap"
    },
    {
      "ascent": -32768,
      "chars": [""],
      "file": "unc:gui/chest_carac_left_move.png",
      "height": -10,
      "type": "bitmap"
    },
    {
      "ascent": -32768,
      "chars": ["百"],
      "file": "unc:gui/pixel_nosplit.png",
      "height": 50,
      "type": "bitmap"
    },
    {
      "type": "ttf",
      "file": "minecraft:negative_spaces.ttf",
      "shift": [0.0, 0.0],
      "size": 10.0,
      "oversample": 1.0
    }
  ]
}
